method,subset_size,total_cost,subset_indices,AV,CC,PAIRS,CONS,alpha_AV,alpha_CC,alpha_PAIRS,alpha_CONS,EJR
MES,7,513000,"[1, 2, 3, 4, 5, 6, 7]",1129,270,34711,36315,1.0,1.0,1.0,1.0,True
greedy-AV,1,1000000,[0],244,244,29646,29646,0.21612046058458814,0.9037037037037037,0.8540808389271413,0.8163568773234201,True
greedy-AV/cost,7,513000,"[1, 2, 3, 4, 5, 6, 7]",1129,270,34711,36315,1.0,1.0,1.0,1.0,True
greedy-AV/cost^2,7,513000,"[1, 2, 3, 4, 5, 6, 7]",1129,270,34711,36315,1.0,1.0,1.0,1.0,True
greedy-CC,1,1000000,[0],244,244,29646,29646,0.21612046058458814,0.9037037037037037,0.8540808389271413,0.8163568773234201,True
greedy-PAV,1,1000000,[0],244,244,29646,29646,0.21612046058458814,0.9037037037037037,0.8540808389271413,0.8163568773234201,True
