method,subset_size,total_cost,subset_indices,AV,CC,PAIRS,CONS,alpha_AV,alpha_CC,alpha_PAIRS,alpha_CONS,EJR
MES,9,681400,"[2, 3, 5, 6, 7, 8, 9, 10, 11]",1369,538,96351,144453,1.0,0.9539007092198581,0.8968556854568471,0.9098484562185858,True
greedy-AV,6,694112,"[0, 3, 5, 6, 7, 9]",1180,521,103116,135460,0.8619430241051863,0.9237588652482269,0.9598257502420136,0.8532053462328206,True
greedy-AV/cost,9,681400,"[2, 3, 5, 6, 7, 8, 9, 10, 11]",1369,538,96351,144453,1.0,0.9539007092198581,0.8968556854568471,0.9098484562185858,True
greedy-AV/cost^2,9,681400,"[2, 3, 5, 6, 7, 8, 9, 10, 11]",1369,538,96351,144453,1.0,0.9539007092198581,0.8968556854568471,0.9098484562185858,True
greedy-CC,6,696112,"[0, 3, 5, 6, 8, 9]",1160,547,103595,149331,0.8473338203067933,0.9698581560283688,0.9642843845409189,0.9405729186349723,True
greedy-PAV,6,696112,"[0, 3, 5, 6, 8, 9]",1160,547,103595,149331,0.8473338203067933,0.9698581560283688,0.9642843845409189,0.9405729186349723,True
