method,subset_size,total_cost,subset_indices,AV,CC,PAIRS,CONS,alpha_AV,alpha_CC,alpha_PAIRS,alpha_CONS,EJR
MES,7,398200,"[0, 1, 2, 3, 4, 5, 7]",416,264,14196,34716,1.0,1.0,1.0,1.0,True
greedy-AV,7,398200,"[0, 1, 2, 3, 4, 5, 7]",416,264,14196,34716,1.0,1.0,1.0,1.0,True
greedy-AV/cost,7,398200,"[0, 1, 2, 3, 4, 5, 7]",416,264,14196,34716,1.0,1.0,1.0,1.0,True
greedy-AV/cost^2,8,228200,"[0, 1, 2, 4, 5, 6, 7, 9]",343,248,11873,30628,0.8245192307692307,0.9393939393939394,0.8363623555931248,0.8822444982140799,True
greedy-CC,7,398200,"[0, 1, 2, 3, 4, 5, 7]",416,264,14196,34716,1.0,1.0,1.0,1.0,True
greedy-PAV,7,398200,"[0, 1, 2, 3, 4, 5, 7]",416,264,14196,34716,1.0,1.0,1.0,1.0,True
