method,subset_size,total_cost,subset_indices,AV,CC,PAIRS,CONS,alpha_AV,alpha_CC,alpha_PAIRS,alpha_CONS,EJR
MES,2,71420,"[3, 4]",228,124,7551,7626,0.6627906976744186,0.5081967213114754,0.28074806662700774,0.2572353774539567,True
greedy-AV,2,233780,"[0, 3]",344,235,26335,27495,1.0,0.9631147540983607,0.9791418798334325,0.9274438372799029,True
greedy-AV/cost,2,71420,"[3, 4]",228,124,7551,7626,0.6627906976744186,0.5081967213114754,0.28074806662700774,0.2572353774539567,True
greedy-AV/cost^2,2,71420,"[3, 4]",228,124,7551,7626,0.6627906976744186,0.5081967213114754,0.28074806662700774,0.2572353774539567,True
greedy-CC,2,233780,"[0, 3]",344,235,26335,27495,1.0,0.9631147540983607,0.9791418798334325,0.9274438372799029,True
greedy-PAV,2,233780,"[0, 3]",344,235,26335,27495,1.0,0.9631147540983607,0.9791418798334325,0.9274438372799029,True
