method,subset_size,total_cost,subset_indices,AV,CC,PAIRS,CONS,alpha_AV,alpha_CC,alpha_PAIRS,alpha_CONS,EJR
MES,12,683770,"[0, 1, 2, 3, 4, 5, 6, 7, 8, 9, 10, 11]",3725,592,142564,174936,1.0,0.9736842105263158,0.9755436642078036,0.948018728864996,True
greedy-AV,12,683770,"[0, 1, 2, 3, 4, 5, 6, 7, 8, 9, 10, 11]",3725,592,142564,174936,1.0,0.9736842105263158,0.9755436642078036,0.948018728864996,True
greedy-AV/cost,12,683770,"[0, 1, 2, 3, 4, 5, 6, 7, 8, 9, 10, 11]",3725,592,142564,174936,1.0,0.9736842105263158,0.9755436642078036,0.948018728864996,True
greedy-AV/cost^2,12,683770,"[0, 1, 2, 3, 4, 5, 6, 7, 8, 9, 10, 11]",3725,592,142564,174936,1.0,0.9736842105263158,0.9755436642078036,0.948018728864996,True
greedy-CC,12,722970,"[0, 1, 2, 3, 4, 5, 6, 8, 9, 10, 11, 12]",3655,608,146138,184528,0.9812080536912752,1.0,1.0,1.0,True
greedy-PAV,12,751870,"[0, 1, 2, 3, 4, 5, 6, 7, 8, 9, 11, 12]",3669,606,145583,183315,0.9849664429530202,0.9967105263157895,0.9962022198196225,0.9934264718633486,True
