method,subset_size,total_cost,subset_indices,AV,CC,PAIRS,CONS,alpha_AV,alpha_CC,alpha_PAIRS,alpha_CONS,EJR
MES,12,422625,"[0, 1, 2, 3, 4, 5, 6, 8, 9, 10, 11, 12]",3177,570,140351,162165,1.0,0.986159169550173,0.9878029897806931,0.9724862521214012,True
greedy-AV,12,422625,"[0, 1, 2, 3, 4, 5, 6, 8, 9, 10, 11, 12]",3177,570,140351,162165,1.0,0.986159169550173,0.9878029897806931,0.9724862521214012,True
greedy-AV/cost,12,422625,"[0, 1, 2, 3, 4, 5, 6, 8, 9, 10, 11, 12]",3177,570,140351,162165,1.0,0.986159169550173,0.9878029897806931,0.9724862521214012,True
greedy-AV/cost^2,12,422625,"[0, 1, 2, 3, 4, 5, 6, 8, 9, 10, 11, 12]",3177,570,140351,162165,1.0,0.986159169550173,0.9878029897806931,0.9724862521214012,True
greedy-CC,9,467600,"[0, 1, 2, 3, 4, 5, 7, 8, 9]",2717,578,142084,166753,0.8552093169656909,1.0,1.0,1.0,True
greedy-PAV,9,467600,"[0, 1, 2, 3, 4, 5, 7, 8, 9]",2717,578,142084,166753,0.8552093169656909,1.0,1.0,1.0,True
