method,subset_size,total_cost,subset_indices,AV,CC,PAIRS,CONS,alpha_AV,alpha_CC,alpha_PAIRS,alpha_CONS,EJR
MES,9,364167,"[1, 2, 3, 4, 5, 6, 7, 8, 9]",1751,440,70347,96580,1.0,0.990990990990991,0.9926342970833509,0.9820429910723364,True
greedy-AV,7,387983,"[0, 2, 3, 4, 5, 6, 7]",1461,414,67408,85491,0.834380354083381,0.9324324324324325,0.9511634141867389,0.8692880239155634,False
greedy-AV/cost,9,212567,"[2, 3, 4, 5, 6, 7, 8, 9, 10]",1664,376,57930,70500,0.9503141062250143,0.8468468468468469,0.8174236972442112,0.7168568116649381,False
greedy-AV/cost^2,9,212567,"[2, 3, 4, 5, 6, 7, 8, 9, 10]",1664,376,57930,70500,0.9503141062250143,0.8468468468468469,0.8174236972442112,0.7168568116649381,False
greedy-CC,7,392080,"[0, 2, 3, 4, 7, 9, 10]",1330,420,67304,87990,0.759565962307253,0.9459459459459459,0.9496959178202035,0.8946983100481972,True
greedy-PAV,7,387983,"[0, 2, 3, 4, 5, 6, 7]",1461,414,67408,85491,0.834380354083381,0.9324324324324325,0.9511634141867389,0.8692880239155634,False
