method,subset_size,total_cost,subset_indices,AV,CC,PAIRS,CONS,alpha_AV,alpha_CC,alpha_PAIRS,alpha_CONS,EJR
MES,9,415200,"[0, 1, 2, 3, 4, 5, 6, 7, 8]",4137,1928,803692,1857628,1.0,0.9989637305699481,1.0,0.997927998345407,True
greedy-AV,9,415200,"[0, 1, 2, 3, 4, 5, 6, 7, 8]",4137,1928,803692,1857628,1.0,0.9989637305699481,1.0,0.997927998345407,True
greedy-AV/cost,9,415200,"[0, 1, 2, 3, 4, 5, 6, 7, 8]",4137,1928,803692,1857628,1.0,0.9989637305699481,1.0,0.997927998345407,True
greedy-AV/cost^2,9,415200,"[0, 1, 2, 3, 4, 5, 6, 7, 8]",4137,1928,803692,1857628,1.0,0.9989637305699481,1.0,0.997927998345407,True
greedy-CC,9,528200,"[0, 1, 2, 3, 4, 6, 7, 8, 9]",4032,1930,791906,1861485,0.9746192893401016,1.0,0.9853351781528247,1.0,True
greedy-PAV,9,415200,"[0, 1, 2, 3, 4, 5, 6, 7, 8]",4137,1928,803692,1857628,1.0,0.9989637305699481,1.0,0.997927998345407,True
