method,subset_size,total_cost,subset_indices,AV,CC,PAIRS,CONS,alpha_AV,alpha_CC,alpha_PAIRS,alpha_CONS,EJR
MES,2,67900,"[0, 2]",126,117,5239,6786,0.7241379310344828,1.0,0.9194454194454195,1.0,True
greedy-AV,2,110100,"[0, 1]",174,111,5698,6105,1.0,0.9487179487179487,1.0,0.8996463306808135,True
greedy-AV/cost,2,67900,"[0, 2]",126,117,5239,6786,0.7241379310344828,1.0,0.9194454194454195,1.0,True
greedy-AV/cost^2,2,67900,"[0, 2]",126,117,5239,6786,0.7241379310344828,1.0,0.9194454194454195,1.0,True
greedy-CC,2,67900,"[0, 2]",126,117,5239,6786,0.7241379310344828,1.0,0.9194454194454195,1.0,True
greedy-PAV,2,110100,"[0, 1]",174,111,5698,6105,1.0,0.9487179487179487,1.0,0.8996463306808135,True
