method,subset_size,total_cost,subset_indices,AV,CC,PAIRS,CONS,alpha_AV,alpha_CC,alpha_PAIRS,alpha_CONS,EJR
MES,4,31900,"[1, 2, 3, 4]",905,594,91046,176121,1.0,1.0,1.0,1.0,True
greedy-AV,1,538000,[0],404,404,81406,81406,0.44640883977900553,0.6801346801346801,0.8941194560991147,0.4622163171910221,True
greedy-AV/cost,4,31900,"[1, 2, 3, 4]",905,594,91046,176121,1.0,1.0,1.0,1.0,True
greedy-AV/cost^2,4,31900,"[1, 2, 3, 4]",905,594,91046,176121,1.0,1.0,1.0,1.0,True
greedy-CC,1,538000,[0],404,404,81406,81406,0.44640883977900553,0.6801346801346801,0.8941194560991147,0.4622163171910221,True
greedy-PAV,1,538000,[0],404,404,81406,81406,0.44640883977900553,0.6801346801346801,0.8941194560991147,0.4622163171910221,True
