method,subset_size,total_cost,subset_indices,AV,CC,PAIRS,CONS,alpha_AV,alpha_CC,alpha_PAIRS,alpha_CONS,EJR
MES,5,328400,"[1, 2, 3, 6, 7]",1128,635,144329,201295,1.0,0.9071428571428571,0.8776413642969638,0.8227876558348661,False
greedy-AV,1,417000,[0],574,574,164451,164451,0.5088652482269503,0.82,1.0,0.6721888412017167,True
greedy-AV/cost,5,258400,"[1, 2, 4, 6, 7]",1118,700,150766,244650,0.9911347517730497,1.0,0.9167837228110501,1.0,False
greedy-AV/cost^2,5,258400,"[1, 2, 4, 6, 7]",1118,700,150766,244650,0.9911347517730497,1.0,0.9167837228110501,1.0,False
greedy-CC,1,417000,[0],574,574,164451,164451,0.5088652482269503,0.82,1.0,0.6721888412017167,True
greedy-PAV,1,417000,[0],574,574,164451,164451,0.5088652482269503,0.82,1.0,0.6721888412017167,True
