,alpha_AV,alpha_CC,alpha_PAIRS,alpha_CONS,alpha_EJR
MES,1.0,0.9106894956038872,0.9565217391304348,0.8293177027096509,1.0
AV,1.0,0.9106894956038872,0.9565217391304348,0.8293177027096509,1.0
CC,0.7894736842105263,0.9106894956038872,0.8641509433962264,0.8293177027096509,1.0
PAV,0.9672131147540984,0.9106894956038872,0.9916897506925209,0.8293177027096509,1.0
PAIRS-AV,0.9672131147540984,0.9106894956038872,1.0,0.8293177027096509,1.0
PAIRS-CC,0.9672131147540984,0.9106894956038872,1.0,0.8293177027096509,1.0
CONS-AV,0.8157894736842105,1.0,0.8867924528301887,1.0,1.0
CONS-CC,0.7894736842105263,1.0,0.8641509433962264,1.0,1.0
