method,subset_size,total_cost,subset_indices,AV,CC,PAIRS,CONS,alpha_AV,alpha_CC,alpha_PAIRS,alpha_CONS,EJR
MES,7,422800,"[0, 1, 3, 4, 5, 8, 9]",3599,1658,1087634,1373653,1.0,1.0,1.0,1.0,True
greedy-AV,7,422800,"[0, 1, 3, 4, 5, 8, 9]",3599,1658,1087634,1373653,1.0,1.0,1.0,1.0,True
greedy-AV/cost,7,332800,"[0, 2, 3, 4, 5, 8, 9]",3552,1635,1069488,1335795,0.9869408168935816,0.9861278648974668,0.9833160787544339,0.9724399102247802,True
greedy-AV/cost^2,7,332800,"[0, 2, 3, 4, 5, 8, 9]",3552,1635,1069488,1335795,0.9869408168935816,0.9861278648974668,0.9833160787544339,0.9724399102247802,True
greedy-CC,7,422800,"[0, 1, 3, 4, 5, 8, 9]",3599,1658,1087634,1373653,1.0,1.0,1.0,1.0,True
greedy-PAV,7,422800,"[0, 1, 3, 4, 5, 8, 9]",3599,1658,1087634,1373653,1.0,1.0,1.0,1.0,True
