method,subset_size,total_cost,subset_indices,AV,CC,PAIRS,CONS,alpha_AV,alpha_CC,alpha_PAIRS,alpha_CONS,EJR
MES,9,655980,"[0, 1, 2, 3, 4, 5, 6, 8, 10]",8290,2015,1609274,2029105,1.0,0.9567901234567902,1.0,0.9154277000674467,True
greedy-AV,9,655980,"[0, 1, 2, 3, 4, 5, 6, 8, 10]",8290,2015,1609274,2029105,1.0,0.9567901234567902,1.0,0.9154277000674467,True
greedy-AV/cost,9,655980,"[0, 1, 2, 3, 4, 5, 6, 8, 10]",8290,2015,1609274,2029105,1.0,0.9567901234567902,1.0,0.9154277000674467,True
greedy-AV/cost^2,9,655980,"[0, 1, 2, 3, 4, 5, 6, 8, 10]",8290,2015,1609274,2029105,1.0,0.9567901234567902,1.0,0.9154277000674467,True
greedy-CC,7,696100,"[0, 1, 3, 4, 6, 8, 9]",6362,2090,1540554,2183005,0.7674306393244873,0.9924026590693258,0.957297514282838,0.9848594559600102,True
greedy-PAV,9,655980,"[0, 1, 2, 3, 4, 5, 6, 8, 10]",8290,2015,1609274,2029105,1.0,0.9567901234567902,1.0,0.9154277000674467,True
