method,subset_size,total_cost,subset_indices,AV,CC,PAIRS,CONS,alpha_AV,alpha_CC,alpha_PAIRS,alpha_CONS,EJR
MES,5,235300,"[0, 1, 3, 8, 10]",459,212,17134,22366,1.0,0.9636363636363636,0.980093810776799,0.9284350352843503,True
greedy-AV,3,230000,"[0, 1, 2]",375,212,17482,22366,0.8169934640522876,0.9636363636363636,1.0,0.9284350352843503,True
greedy-AV/cost,5,205300,"[1, 2, 3, 8, 10]",426,218,16661,23653,0.9281045751633987,0.990909090909091,0.9530374099073332,0.981859692818597,True
greedy-AV/cost^2,5,205300,"[1, 2, 3, 8, 10]",426,218,16661,23653,0.9281045751633987,0.990909090909091,0.9530374099073332,0.981859692818597,True
greedy-CC,3,230000,"[0, 1, 2]",375,212,17482,22366,0.8169934640522876,0.9636363636363636,1.0,0.9284350352843503,True
greedy-PAV,3,230000,"[0, 1, 2]",375,212,17482,22366,0.8169934640522876,0.9636363636363636,1.0,0.9284350352843503,True
