method,subset_size,total_cost,subset_indices,AV,CC,PAIRS,CONS,alpha_AV,alpha_CC,alpha_PAIRS,alpha_CONS,EJR
MES,1,50000,[0],49,49,1176,1176,1.0,1.0,1.0,1.0,True
greedy-AV,1,50000,[0],49,49,1176,1176,1.0,1.0,1.0,1.0,True
greedy-AV/cost,3,35000,"[4, 5, 6]",30,11,55,55,0.6122448979591837,0.22448979591836735,0.0467687074829932,0.0467687074829932,False
greedy-AV/cost^2,3,35000,"[4, 5, 6]",30,11,55,55,0.6122448979591837,0.22448979591836735,0.0467687074829932,0.0467687074829932,False
greedy-CC,1,50000,[0],49,49,1176,1176,1.0,1.0,1.0,1.0,True
greedy-PAV,1,50000,[0],49,49,1176,1176,1.0,1.0,1.0,1.0,True
