method,subset_size,total_cost,subset_indices,AV,CC,PAIRS,CONS,alpha_AV,alpha_CC,alpha_PAIRS,alpha_CONS,EJR
MES,6,55387,"[0, 1, 2, 3, 4, 5]",2216,1128,378900,635628,1.0,0.9682403433476395,0.992258861979385,0.937462944117517,True
greedy-AV,6,55387,"[0, 1, 2, 3, 4, 5]",2216,1128,378900,635628,1.0,0.9682403433476395,0.992258861979385,0.937462944117517,True
greedy-AV/cost,6,51382,"[0, 1, 2, 3, 4, 9]",2157,1123,372033,630003,0.9733754512635379,0.9639484978540772,0.9742756431743903,0.929166851024291,True
greedy-AV/cost^2,6,51382,"[0, 1, 2, 3, 4, 9]",2157,1123,372033,630003,0.9733754512635379,0.9639484978540772,0.9742756431743903,0.929166851024291,True
greedy-CC,6,55417,"[0, 1, 2, 4, 6, 7]",2071,1165,365400,678030,0.9345667870036101,1.0,0.9569052208162239,1.0,True
greedy-PAV,6,55387,"[0, 1, 2, 3, 4, 6]",2212,1160,381856,672220,0.9981949458483754,0.9957081545064378,1.0,0.991431057622819,True
