method,subset_size,total_cost,subset_indices,AV,CC,PAIRS,CONS,alpha_AV,alpha_CC,alpha_PAIRS,alpha_CONS,EJR
MES,7,373000,"[0, 1, 2, 4, 5, 7, 9]",600,397,32400,78606,1.0,1.0,1.0,1.0,True
greedy-AV,5,400000,"[0, 2, 3, 4, 5]",538,385,31743,73920,0.8966666666666666,0.9697732997481109,0.9797222222222223,0.9403862300587741,True
greedy-AV/cost,8,253000,"[0, 1, 2, 3, 4, 7, 8, 9]",492,322,19202,51681,0.82,0.8110831234256927,0.5926543209876544,0.65746889550416,False
greedy-AV/cost^2,8,253000,"[0, 1, 2, 3, 4, 7, 8, 9]",492,322,19202,51681,0.82,0.8110831234256927,0.5926543209876544,0.65746889550416,False
greedy-CC,5,400000,"[0, 2, 3, 4, 5]",538,385,31743,73920,0.8966666666666666,0.9697732997481109,0.9797222222222223,0.9403862300587741,True
greedy-PAV,5,400000,"[0, 2, 3, 4, 5]",538,385,31743,73920,0.8966666666666666,0.9697732997481109,0.9797222222222223,0.9403862300587741,True
