method,subset_size,total_cost,subset_indices,AV,CC,PAIRS,CONS,alpha_AV,alpha_CC,alpha_PAIRS,alpha_CONS,EJR
MES,6,437100,"[2, 3, 5, 6, 7, 8]",1877,1065,284949,566580,1.0,1.0,0.6814434838755964,1.0,False
greedy-AV,1,465000,[0],915,915,418155,418155,0.48748002131060203,0.8591549295774648,1.0,0.738033463941544,True
greedy-AV/cost,7,437100,"[2, 3, 6, 7, 8, 9, 10]",1864,1058,266154,559153,0.9930740543420352,0.9934272300469483,0.6364960361588407,0.9868915245861132,False
greedy-AV/cost^2,7,437100,"[2, 3, 6, 7, 8, 9, 10]",1864,1058,266154,559153,0.9930740543420352,0.9934272300469483,0.6364960361588407,0.9868915245861132,False
greedy-CC,1,465000,[0],915,915,418155,418155,0.48748002131060203,0.8591549295774648,1.0,0.738033463941544,True
greedy-PAV,1,465000,[0],915,915,418155,418155,0.48748002131060203,0.8591549295774648,1.0,0.738033463941544,True
