method,subset_size,total_cost,subset_indices,AV,CC,PAIRS,CONS,alpha_AV,alpha_CC,alpha_PAIRS,alpha_CONS,EJR
MES,5,392000,"[1, 2, 3, 4, 5]",275,104,4858,5356,1.0,1.0,0.961980198019802,1.0,True
greedy-AV,1,1000000,[0],101,101,5050,5050,0.36727272727272725,0.9711538461538461,1.0,0.9428678117998507,True
greedy-AV/cost,5,392000,"[1, 2, 3, 4, 5]",275,104,4858,5356,1.0,1.0,0.961980198019802,1.0,True
greedy-AV/cost^2,5,392000,"[1, 2, 3, 4, 5]",275,104,4858,5356,1.0,1.0,0.961980198019802,1.0,True
greedy-CC,1,1000000,[0],101,101,5050,5050,0.36727272727272725,0.9711538461538461,1.0,0.9428678117998507,True
greedy-PAV,1,1000000,[0],101,101,5050,5050,0.36727272727272725,0.9711538461538461,1.0,0.9428678117998507,True
