method,subset_size,total_cost,subset_indices,AV,CC,PAIRS,CONS,alpha_AV,alpha_CC,alpha_PAIRS,alpha_CONS,EJR
MES,2,74050,"[2, 5]",185,162,8763,13041,0.7489878542510121,0.6893617021276596,0.31871249318057826,0.47430441898527004,True
greedy-AV,1,219780,[0],235,235,27495,27495,0.951417004048583,1.0,1.0,1.0,True
greedy-AV/cost,2,74050,"[2, 5]",185,162,8763,13041,0.7489878542510121,0.6893617021276596,0.31871249318057826,0.47430441898527004,True
greedy-AV/cost^2,2,74050,"[2, 5]",185,162,8763,13041,0.7489878542510121,0.6893617021276596,0.31871249318057826,0.47430441898527004,True
greedy-CC,1,219780,[0],235,235,27495,27495,0.951417004048583,1.0,1.0,1.0,True
greedy-PAV,1,219780,[0],235,235,27495,27495,0.951417004048583,1.0,1.0,1.0,True
