method,subset_size,total_cost,subset_indices,AV,CC,PAIRS,CONS,alpha_AV,alpha_CC,alpha_PAIRS,alpha_CONS,EJR
MES,1,34600,[1],129,129,8256,8256,0.9485294117647058,0.9485294117647058,0.8993464052287582,0.8993464052287582,True
greedy-AV,1,115000,[0],136,136,9180,9180,1.0,1.0,1.0,1.0,True
greedy-AV/cost,1,34600,[1],129,129,8256,8256,0.9485294117647058,0.9485294117647058,0.8993464052287582,0.8993464052287582,True
greedy-AV/cost^2,1,34600,[1],129,129,8256,8256,0.9485294117647058,0.9485294117647058,0.8993464052287582,0.8993464052287582,True
greedy-CC,1,115000,[0],136,136,9180,9180,1.0,1.0,1.0,1.0,True
greedy-PAV,1,115000,[0],136,136,9180,9180,1.0,1.0,1.0,1.0,True
