method,subset_size,total_cost,subset_indices,AV,CC,PAIRS,CONS,alpha_AV,alpha_CC,alpha_PAIRS,alpha_CONS,EJR
MES,7,353594,"[0, 1, 2, 4, 5, 6, 7]",2416,1000,345757,499500,1.0,1.0,1.0,1.0,True
greedy-AV,4,351193,"[0, 1, 2, 3]",1814,885,324030,391170,0.7508278145695364,0.885,0.9371610697686525,0.7831231231231232,True
greedy-AV/cost,9,312417,"[1, 2, 3, 4, 5, 6, 7, 8, 10]",2231,809,192514,326836,0.9234271523178808,0.809,0.5567898842250483,0.6543263263263264,False
greedy-AV/cost^2,9,312417,"[1, 2, 3, 4, 5, 6, 7, 8, 10]",2231,809,192514,326836,0.9234271523178808,0.809,0.5567898842250483,0.6543263263263264,False
greedy-CC,7,353594,"[0, 1, 2, 4, 5, 6, 7]",2416,1000,345757,499500,1.0,1.0,1.0,1.0,True
greedy-PAV,7,353594,"[0, 1, 2, 4, 5, 6, 7]",2416,1000,345757,499500,1.0,1.0,1.0,1.0,True
