method,subset_size,total_cost,subset_indices,AV,CC,PAIRS,CONS,alpha_AV,alpha_CC,alpha_PAIRS,alpha_CONS,EJR
MES,1,20000,[1],180,180,16110,16110,0.5357142857142857,0.5357142857142857,0.28624733475479747,0.28624733475479747,True
greedy-AV,1,374988,[0],336,336,56280,56280,1.0,1.0,1.0,1.0,True
greedy-AV/cost,1,20000,[1],180,180,16110,16110,0.5357142857142857,0.5357142857142857,0.28624733475479747,0.28624733475479747,True
greedy-AV/cost^2,1,20000,[1],180,180,16110,16110,0.5357142857142857,0.5357142857142857,0.28624733475479747,0.28624733475479747,True
greedy-CC,1,374988,[0],336,336,56280,56280,1.0,1.0,1.0,1.0,True
greedy-PAV,1,374988,[0],336,336,56280,56280,1.0,1.0,1.0,1.0,True
