method,subset_size,total_cost,subset_indices,AV,CC,PAIRS,CONS,alpha_AV,alpha_CC,alpha_PAIRS,alpha_CONS,EJR
MES,7,1210,"[1, 2, 3, 4, 5, 6, 7]",744,187,15867,17391,1.0,0.8577981651376146,0.6708239969559887,0.7352555701179554,False
greedy-AV,1,1300,[0],218,218,23653,23653,0.29301075268817206,1.0,1.0,1.0,True
greedy-AV/cost,7,950,"[2, 3, 4, 5, 6, 7, 8]",660,182,14377,16471,0.8870967741935484,0.8348623853211009,0.6078298735889739,0.6963598697839598,False
greedy-AV/cost^2,7,950,"[2, 3, 4, 5, 6, 7, 8]",660,182,14377,16471,0.8870967741935484,0.8348623853211009,0.6078298735889739,0.6963598697839598,False
greedy-CC,1,1300,[0],218,218,23653,23653,0.29301075268817206,1.0,1.0,1.0,True
greedy-PAV,1,1300,[0],218,218,23653,23653,0.29301075268817206,1.0,1.0,1.0,True
