method,subset_size,total_cost,subset_indices,AV,CC,PAIRS,CONS,alpha_AV,alpha_CC,alpha_PAIRS,alpha_CONS,EJR
MES,8,493100,"[1, 2, 3, 4, 5, 7, 9, 10]",3108,1547,582317,1195831,1.0,0.9438682123245882,0.7315292069238858,0.8908548572978103,False
greedy-AV,6,541200,"[0, 1, 3, 5, 7, 9]",3015,1639,796027,1342341,0.9700772200772201,1.0,1.0,1.0,True
greedy-AV/cost,8,493100,"[1, 2, 3, 4, 5, 7, 9, 10]",3108,1547,582317,1195831,1.0,0.9438682123245882,0.7315292069238858,0.8908548572978103,False
greedy-AV/cost^2,8,434900,"[1, 3, 4, 5, 6, 7, 9, 10]",2944,1475,524375,1087075,0.9472329472329473,0.8999389871873094,0.6587402186106752,0.8098352058083602,False
greedy-CC,6,541200,"[0, 1, 3, 5, 7, 9]",3015,1639,796027,1342341,0.9700772200772201,1.0,1.0,1.0,True
greedy-PAV,6,541200,"[0, 1, 3, 5, 7, 9]",3015,1639,796027,1342341,0.9700772200772201,1.0,1.0,1.0,True
