method,subset_size,total_cost,subset_indices,AV,CC,PAIRS,CONS,alpha_AV,alpha_CC,alpha_PAIRS,alpha_CONS,EJR
MES,3,130000,"[0, 1, 2]",411,247,22562,30381,1.0,0.946360153256705,0.9954994705259442,0.8954022988505748,True
greedy-AV,3,130000,"[0, 1, 2]",411,247,22562,30381,1.0,0.946360153256705,0.9954994705259442,0.8954022988505748,True
greedy-AV/cost,3,130000,"[0, 1, 2]",411,247,22562,30381,1.0,0.946360153256705,0.9954994705259442,0.8954022988505748,True
greedy-AV/cost^2,3,130000,"[0, 1, 2]",411,247,22562,30381,1.0,0.946360153256705,0.9954994705259442,0.8954022988505748,True
greedy-CC,3,180000,"[0, 2, 4]",391,261,22271,33930,0.9513381995133819,1.0,0.982659724673491,1.0,True
greedy-PAV,3,130000,"[0, 1, 2]",411,247,22562,30381,1.0,0.946360153256705,0.9954994705259442,0.8954022988505748,True
