method,subset_size,total_cost,subset_indices,AV,CC,PAIRS,CONS,alpha_AV,alpha_CC,alpha_PAIRS,alpha_CONS,EJR
MES,7,945000,"[1, 2, 3, 4, 5, 6, 7]",386,179,10086,15931,1.0,0.9322916666666666,0.550065445026178,0.868837260034904,False
greedy-AV,1,1000000,[0],192,192,18336,18336,0.49740932642487046,1.0,1.0,1.0,True
greedy-AV/cost,7,945000,"[1, 2, 3, 4, 5, 6, 7]",386,179,10086,15931,1.0,0.9322916666666666,0.550065445026178,0.868837260034904,False
greedy-AV/cost^2,7,945000,"[1, 2, 3, 4, 5, 6, 7]",386,179,10086,15931,1.0,0.9322916666666666,0.550065445026178,0.868837260034904,False
greedy-CC,1,1000000,[0],192,192,18336,18336,0.49740932642487046,1.0,1.0,1.0,True
greedy-PAV,1,1000000,[0],192,192,18336,18336,0.49740932642487046,1.0,1.0,1.0,True
