method,subset_size,total_cost,subset_indices,AV,CC,PAIRS,CONS,alpha_AV,alpha_CC,alpha_PAIRS,alpha_CONS,EJR
MES,4,180000,"[0, 1, 2, 3]",1173,804,155375,322806,1.0,0.9617224880382775,1.0,0.9248660573589663,True
greedy-AV,4,180000,"[0, 1, 2, 3]",1173,804,155375,322806,1.0,0.9617224880382775,1.0,0.9248660573589663,True
greedy-AV/cost,4,180000,"[0, 1, 2, 3]",1173,804,155375,322806,1.0,0.9617224880382775,1.0,0.9248660573589663,True
greedy-AV/cost^2,4,180000,"[0, 1, 2, 3]",1173,804,155375,322806,1.0,0.9617224880382775,1.0,0.9248660573589663,True
greedy-CC,4,180000,"[0, 1, 3, 4]",1139,836,152190,349030,0.9710144927536232,1.0,0.9795012067578439,1.0,True
greedy-PAV,4,180000,"[0, 1, 3, 4]",1139,836,152190,349030,0.9710144927536232,1.0,0.9795012067578439,1.0,True
