method,subset_size,total_cost,subset_indices,AV,CC,PAIRS,CONS,alpha_AV,alpha_CC,alpha_PAIRS,alpha_CONS,EJR
MES,7,205270,"[0, 1, 2, 3, 5, 6, 7]",1341,572,98728,163306,0.9682310469314079,0.9811320754716981,0.9595490329478084,0.9625883420864942,True
greedy-AV,7,279270,"[0, 1, 2, 3, 4, 5, 6]",1385,582,102374,169071,1.0,0.9982847341337907,0.9949849353678686,0.9965694682675815,True
greedy-AV/cost,7,205270,"[0, 1, 2, 3, 5, 6, 7]",1341,572,98728,163306,0.9682310469314079,0.9811320754716981,0.9595490329478084,0.9625883420864942,True
greedy-AV/cost^2,7,205270,"[0, 1, 2, 3, 5, 6, 7]",1341,572,98728,163306,0.9682310469314079,0.9811320754716981,0.9595490329478084,0.9625883420864942,True
greedy-CC,7,282770,"[0, 1, 2, 3, 4, 5, 7]",1374,583,102890,169653,0.992057761732852,1.0,1.0,1.0,True
greedy-PAV,7,279270,"[0, 1, 2, 3, 4, 5, 6]",1385,582,102374,169071,1.0,0.9982847341337907,0.9949849353678686,0.9965694682675815,True
