method,subset_size,total_cost,subset_indices,AV,CC,PAIRS,CONS,alpha_AV,alpha_CC,alpha_PAIRS,alpha_CONS,EJR
MES,4,144500,"[0, 1, 2, 3]",402,157,11120,12246,1.0,0.9401197604790419,0.9699930216329379,0.8834860399682563,True
greedy-AV,4,144500,"[0, 1, 2, 3]",402,157,11120,12246,1.0,0.9401197604790419,0.9699930216329379,0.8834860399682563,True
greedy-AV/cost,4,144500,"[0, 1, 2, 3]",402,157,11120,12246,1.0,0.9401197604790419,0.9699930216329379,0.8834860399682563,True
greedy-AV/cost^2,4,144500,"[0, 1, 2, 3]",402,157,11120,12246,1.0,0.9401197604790419,0.9699930216329379,0.8834860399682563,True
greedy-CC,4,155000,"[0, 1, 2, 4]",393,167,11464,13861,0.9776119402985075,1.0,1.0,1.0,True
greedy-PAV,4,155000,"[0, 1, 2, 4]",393,167,11464,13861,0.9776119402985075,1.0,1.0,1.0,True
