method,subset_size,total_cost,subset_indices,AV,CC,PAIRS,CONS,alpha_AV,alpha_CC,alpha_PAIRS,alpha_CONS,EJR
MES,5,224000,"[1, 2, 4, 5, 6]",1735,951,308147,451725,0.9914285714285714,0.5434285714285715,0.20135391652372783,0.29517275177652536,False
greedy-AV,1,515000,[0],1750,1750,1530375,1530375,1.0,1.0,1.0,1.0,True
greedy-AV/cost,5,224000,"[1, 2, 4, 5, 6]",1735,951,308147,451725,0.9914285714285714,0.5434285714285715,0.20135391652372783,0.29517275177652536,False
greedy-AV/cost^2,5,224000,"[1, 2, 4, 5, 6]",1735,951,308147,451725,0.9914285714285714,0.5434285714285715,0.20135391652372783,0.29517275177652536,False
greedy-CC,1,515000,[0],1750,1750,1530375,1530375,1.0,1.0,1.0,1.0,True
greedy-PAV,1,515000,[0],1750,1750,1530375,1530375,1.0,1.0,1.0,1.0,True
