method,subset_size,total_cost,subset_indices,AV,CC,PAIRS,CONS,alpha_AV,alpha_CC,alpha_PAIRS,alpha_CONS,EJR
MES,6,403000,"[0, 1, 3, 4, 6, 8]",821,385,47030,73920,1.0,1.0,1.0,1.0,True
greedy-AV,6,403000,"[0, 1, 3, 4, 6, 8]",821,385,47030,73920,1.0,1.0,1.0,1.0,True
greedy-AV/cost,6,309500,"[0, 1, 4, 6, 7, 8]",776,384,46739,73536,0.9451887941534713,0.9974025974025974,0.9938124601318308,0.9948051948051948,True
greedy-AV/cost^2,6,309500,"[0, 1, 4, 6, 7, 8]",776,384,46739,73536,0.9451887941534713,0.9974025974025974,0.9938124601318308,0.9948051948051948,True
greedy-CC,6,403000,"[0, 1, 3, 4, 6, 8]",821,385,47030,73920,1.0,1.0,1.0,1.0,True
greedy-PAV,6,403000,"[0, 1, 3, 4, 6, 8]",821,385,47030,73920,1.0,1.0,1.0,1.0,True
