method,subset_size,total_cost,subset_indices,AV,CC,PAIRS,CONS,alpha_AV,alpha_CC,alpha_PAIRS,alpha_CONS,EJR
MES,6,255200,"[0, 1, 2, 3, 5, 9]",1397,806,145622,324415,0.9112850619699935,0.94049008168028,0.9604469096880998,0.8844562099913849,True
greedy-AV,6,275200,"[0, 1, 2, 3, 4, 9]",1401,689,136109,237016,0.913894324853229,0.8039673278879813,0.8977041136005381,0.6461793476482841,True
greedy-AV/cost,7,240200,"[0, 1, 2, 4, 5, 7, 9]",1533,823,150355,338253,1.0,0.9603267211201867,0.9916633139646086,0.9221829027579362,True
greedy-AV/cost^2,7,240200,"[0, 1, 2, 4, 5, 7, 9]",1533,823,150355,338253,1.0,0.9603267211201867,0.9916633139646086,0.9221829027579362,True
greedy-CC,6,282500,"[0, 1, 2, 3, 5, 7]",1421,836,150095,349030,0.9269406392694064,0.9754959159859977,0.9899484893054301,0.9515643572994253,True
greedy-PAV,6,282500,"[0, 1, 2, 3, 5, 7]",1421,836,150095,349030,0.9269406392694064,0.9754959159859977,0.9899484893054301,0.9515643572994253,True
