method,subset_size,total_cost,subset_indices,AV,CC,PAIRS,CONS,alpha_AV,alpha_CC,alpha_PAIRS,alpha_CONS,EJR
MES,3,147700,"[0, 1, 4]",594,375,52289,70125,0.9690048939641109,0.9920634920634921,0.9942575725884657,0.9841690876173634,True
greedy-AV,3,239745,"[0, 1, 2]",613,378,52591,71253,1.0,1.0,1.0,1.0,True
greedy-AV/cost,3,147700,"[0, 1, 4]",594,375,52289,70125,0.9690048939641109,0.9920634920634921,0.9942575725884657,0.9841690876173634,True
greedy-AV/cost^2,3,147700,"[0, 1, 4]",594,375,52289,70125,0.9690048939641109,0.9920634920634921,0.9942575725884657,0.9841690876173634,True
greedy-CC,3,239745,"[0, 1, 2]",613,378,52591,71253,1.0,1.0,1.0,1.0,True
greedy-PAV,3,239745,"[0, 1, 2]",613,378,52591,71253,1.0,1.0,1.0,1.0,True
