method,subset_size,total_cost,subset_indices,AV,CC,PAIRS,CONS,alpha_AV,alpha_CC,alpha_PAIRS,alpha_CONS,EJR
MES,1,118800,[0],265,265,34980,34980,1.0,1.0,1.0,1.0,True
greedy-AV,1,118800,[0],265,265,34980,34980,1.0,1.0,1.0,1.0,True
greedy-AV/cost,1,118800,[0],265,265,34980,34980,1.0,1.0,1.0,1.0,True
greedy-AV/cost^2,1,45546,[1],62,62,1891,1891,0.2339622641509434,0.2339622641509434,0.05405946255002859,0.05405946255002859,True
greedy-CC,1,118800,[0],265,265,34980,34980,1.0,1.0,1.0,1.0,True
greedy-PAV,1,118800,[0],265,265,34980,34980,1.0,1.0,1.0,1.0,True
