method,subset_size,total_cost,subset_indices,AV,CC,PAIRS,CONS,alpha_AV,alpha_CC,alpha_PAIRS,alpha_CONS,EJR
MES,7,449900,"[0, 1, 2, 3, 4, 6, 8]",2614,1224,440378,748476,1.0,0.9894907033144705,1.0,0.9790834386355967,True
greedy-AV,7,449900,"[0, 1, 2, 3, 4, 6, 8]",2614,1224,440378,748476,1.0,0.9894907033144705,1.0,0.9790834386355967,True
greedy-AV/cost,7,449900,"[0, 1, 2, 3, 4, 6, 8]",2614,1224,440378,748476,1.0,0.9894907033144705,1.0,0.9790834386355967,True
greedy-AV/cost^2,7,449900,"[0, 1, 2, 3, 4, 6, 8]",2614,1224,440378,748476,1.0,0.9894907033144705,1.0,0.9790834386355967,True
greedy-CC,6,427900,"[0, 1, 2, 3, 5, 6]",2529,1237,440258,764466,0.9674827850038256,1.0,0.9997275068236833,1.0,True
greedy-PAV,6,427900,"[0, 1, 2, 3, 5, 6]",2529,1237,440258,764466,0.9674827850038256,1.0,0.9997275068236833,1.0,True
