method,subset_size,total_cost,subset_indices,AV,CC,PAIRS,CONS,alpha_AV,alpha_CC,alpha_PAIRS,alpha_CONS,EJR
MES,5,396200,"[0, 1, 3, 7, 9]",451,291,19117,42195,1.0,1.0,1.0,1.0,True
greedy-AV,5,396200,"[0, 1, 3, 7, 9]",451,291,19117,42195,1.0,1.0,1.0,1.0,True
greedy-AV/cost,7,346200,"[0, 2, 3, 4, 5, 7, 9]",415,263,15877,34453,0.9201773835920177,0.9037800687285223,0.8305173405869122,0.8165185448512857,True
greedy-AV/cost^2,7,346200,"[0, 2, 3, 4, 5, 7, 9]",415,263,15877,34453,0.9201773835920177,0.9037800687285223,0.8305173405869122,0.8165185448512857,True
greedy-CC,5,396200,"[0, 1, 3, 7, 9]",451,291,19117,42195,1.0,1.0,1.0,1.0,True
greedy-PAV,5,396200,"[0, 1, 3, 7, 9]",451,291,19117,42195,1.0,1.0,1.0,1.0,True
