method,subset_size,total_cost,subset_indices,AV,CC,PAIRS,CONS,alpha_AV,alpha_CC,alpha_PAIRS,alpha_CONS,EJR
MES,4,110840,"[1, 2, 3, 4]",463,263,20280,34453,0.7431781701444623,0.5729847494553377,0.25672510918412556,0.32777730209017136,False
greedy-AV,3,116990,"[0, 1, 3]",623,459,78995,105111,1.0,1.0,1.0,1.0,True
greedy-AV/cost,6,116646,"[1, 2, 3, 5, 6, 7]",519,225,17098,25200,0.8330658105939005,0.49019607843137253,0.21644407873916072,0.23974655364329137,False
greedy-AV/cost^2,6,116646,"[1, 2, 3, 5, 6, 7]",519,225,17098,25200,0.8330658105939005,0.49019607843137253,0.21644407873916072,0.23974655364329137,False
greedy-CC,2,113450,"[0, 2]",485,453,75624,102378,0.7784911717495987,0.9869281045751634,0.957326413064118,0.9739989154322574,True
greedy-PAV,3,116990,"[0, 1, 3]",623,459,78995,105111,1.0,1.0,1.0,1.0,True
