method,subset_size,total_cost,subset_indices,AV,CC,PAIRS,CONS,alpha_AV,alpha_CC,alpha_PAIRS,alpha_CONS,EJR
MES,5,530470,"[0, 1, 3, 4, 7]",3539,2794,2019471,3901821,1.0,1.0,1.0,1.0,True
greedy-AV,5,530470,"[0, 1, 3, 4, 7]",3539,2794,2019471,3901821,1.0,1.0,1.0,1.0,True
greedy-AV/cost,5,530470,"[0, 1, 3, 4, 7]",3539,2794,2019471,3901821,1.0,1.0,1.0,1.0,True
greedy-AV/cost^2,7,567970,"[1, 3, 4, 5, 6, 7, 8]",2426,1318,456929,867903,0.6855043797682961,0.47172512526843235,0.22626172893792484,0.22243537056159163,False
greedy-CC,5,530470,"[0, 1, 3, 4, 7]",3539,2794,2019471,3901821,1.0,1.0,1.0,1.0,True
greedy-PAV,5,530470,"[0, 1, 3, 4, 7]",3539,2794,2019471,3901821,1.0,1.0,1.0,1.0,True
