method,subset_size,total_cost,subset_indices,AV,CC,PAIRS,CONS,alpha_AV,alpha_CC,alpha_PAIRS,alpha_CONS,EJR
MES,4,1204000,"[0, 2, 4, 6]",3454,1422,940311,1010331,1.0,0.9392338177014531,0.9292464623725303,0.8821224421373198,True
greedy-AV,3,1421000,"[0, 1, 4]",3054,1429,973724,1020306,0.8841922408801389,0.9438573315719947,0.9622662952227823,0.8908316387870512,True
greedy-AV/cost,4,1204000,"[0, 2, 4, 6]",3454,1422,940311,1010331,1.0,0.9392338177014531,0.9292464623725303,0.8821224421373198,True
greedy-AV/cost^2,4,1204000,"[0, 2, 4, 6]",3454,1422,940311,1010331,1.0,0.9392338177014531,0.9292464623725303,0.8821224421373198,True
greedy-CC,3,1244000,"[0, 3, 6]",2755,1514,1011907,1145341,0.7976259409380428,1.0,1.0,1.0,True
greedy-PAV,3,1421000,"[0, 1, 4]",3054,1429,973724,1020306,0.8841922408801389,0.9438573315719947,0.9622662952227823,0.8908316387870512,True
