method,subset_size,total_cost,subset_indices,AV,CC,PAIRS,CONS,alpha_AV,alpha_CC,alpha_PAIRS,alpha_CONS,EJR
MES,5,596448,"[0, 1, 3, 9, 11]",1281,747,185395,278631,0.9370885149963424,0.9933510638297872,0.9905748588098889,0.9867375414341162,True
greedy-AV,5,596448,"[0, 1, 3, 9, 11]",1281,747,185395,278631,0.9370885149963424,0.9933510638297872,0.9905748588098889,0.9867375414341162,True
greedy-AV/cost,6,535448,"[0, 3, 4, 9, 10, 11]",1307,745,179148,277140,0.9561082662765179,0.9906914893617021,0.9571968219535262,0.981457347649942,True
greedy-AV/cost^2,7,562900,"[2, 3, 4, 6, 9, 10, 11]",1215,494,82742,121771,0.888807607900512,0.6569148936170213,0.4420946895420471,0.4312370739722923,False
greedy-CC,5,595098,"[0, 2, 6, 9, 11]",1197,746,179389,277885,0.8756400877834675,0.9920212765957447,0.9584844971387965,0.984095673853302,True
greedy-PAV,5,596448,"[0, 1, 3, 9, 11]",1281,747,185395,278631,0.9370885149963424,0.9933510638297872,0.9905748588098889,0.9867375414341162,True
