method,subset_size,total_cost,subset_indices,AV,CC,PAIRS,CONS,alpha_AV,alpha_CC,alpha_PAIRS,alpha_CONS,EJR
MES,5,136120,"[0, 1, 2, 3, 4]",1193,442,78825,97461,1.0,0.9208333333333333,0.9639489807149059,0.8477818371607516,True
greedy-AV,5,136120,"[0, 1, 2, 3, 4]",1193,442,78825,97461,1.0,0.9208333333333333,0.9639489807149059,0.8477818371607516,True
greedy-AV/cost,5,136120,"[0, 1, 2, 3, 4]",1193,442,78825,97461,1.0,0.9208333333333333,0.9639489807149059,0.8477818371607516,True
greedy-AV/cost^2,5,118820,"[1, 2, 3, 4, 5]",1085,453,73000,102378,0.9094719195305951,0.94375,0.8927151993934428,0.890553235908142,True
greedy-CC,5,153620,"[0, 1, 2, 3, 5]",1144,480,81773,114960,0.9589270746018441,1.0,1.0,1.0,True
greedy-PAV,5,153620,"[0, 1, 2, 3, 5]",1144,480,81773,114960,0.9589270746018441,1.0,1.0,1.0,True
