method,subset_size,total_cost,subset_indices,AV,CC,PAIRS,CONS,alpha_AV,alpha_CC,alpha_PAIRS,alpha_CONS,EJR
MES,6,397300,"[1, 2, 3, 4, 5, 8]",232,127,3733,8001,0.9707112970711297,0.9769230769230769,1.0,0.9542039355992844,True
greedy-AV,6,397300,"[1, 2, 3, 4, 5, 8]",232,127,3733,8001,0.9707112970711297,0.9769230769230769,1.0,0.9542039355992844,True
greedy-AV/cost,7,382300,"[0, 1, 2, 4, 5, 8, 9]",239,124,3679,7626,1.0,0.9538461538461539,0.985534422716314,0.9094812164579607,True
greedy-AV/cost^2,7,382300,"[0, 1, 2, 4, 5, 8, 9]",239,124,3679,7626,1.0,0.9538461538461539,0.985534422716314,0.9094812164579607,True
greedy-CC,5,387300,"[2, 3, 5, 7, 8]",157,126,3054,7875,0.6569037656903766,0.9692307692307692,0.8181087597106884,0.9391771019677997,True
greedy-PAV,5,387300,"[1, 2, 5, 7, 8]",190,120,3627,7140,0.7949790794979079,0.9230769230769231,0.9716046075542459,0.851520572450805,True
