method,subset_size,total_cost,subset_indices,AV,CC,PAIRS,CONS,alpha_AV,alpha_CC,alpha_PAIRS,alpha_CONS,EJR
MES,9,351276,"[0, 1, 2, 3, 4, 5, 7, 8, 10]",2248,544,119256,147696,0.9842381786339754,0.9363166953528399,0.961866047231901,0.8765861475458484,True
greedy-AV,9,524076,"[0, 1, 2, 3, 4, 5, 6, 7, 10]",2284,565,123984,159330,1.0,0.9724612736660929,1.0,0.9456347557718559,True
greedy-AV/cost,9,351276,"[0, 1, 2, 3, 4, 5, 7, 8, 10]",2248,544,119256,147696,0.9842381786339754,0.9363166953528399,0.961866047231901,0.8765861475458484,True
greedy-AV/cost^2,9,351276,"[0, 1, 2, 3, 4, 5, 7, 8, 10]",2248,544,119256,147696,0.9842381786339754,0.9363166953528399,0.961866047231901,0.8765861475458484,True
greedy-CC,6,526020,"[0, 1, 2, 3, 6, 11]",1615,570,119801,162165,0.707092819614711,0.9810671256454389,0.9662617757129952,0.9624606801590598,True
greedy-PAV,9,524076,"[0, 1, 2, 3, 4, 5, 6, 7, 10]",2284,565,123984,159330,1.0,0.9724612736660929,1.0,0.9456347557718559,True
