method,subset_size,total_cost,subset_indices,AV,CC,PAIRS,CONS,alpha_AV,alpha_CC,alpha_PAIRS,alpha_CONS,EJR
MES,1,199999,[0],199,199,19701,19701,1.0,1.0,1.0,1.0,True
greedy-AV,1,199999,[0],199,199,19701,19701,1.0,1.0,1.0,1.0,True
greedy-AV/cost,1,199999,[0],199,199,19701,19701,1.0,1.0,1.0,1.0,True
greedy-AV/cost^2,1,35900,[1],29,29,406,406,0.1457286432160804,0.1457286432160804,0.020608090959849754,0.020608090959849754,True
greedy-CC,1,199999,[0],199,199,19701,19701,1.0,1.0,1.0,1.0,True
greedy-PAV,1,199999,[0],199,199,19701,19701,1.0,1.0,1.0,1.0,True
